--
-- PostgreSQL database dump
--

-- Dumped from database version 11.6
-- Dumped by pg_dump version 11.6

SET statement_timeout = 0;
SET lock_timeout = 0;
SET idle_in_transaction_session_timeout = 0;
SET client_encoding = 'UTF8';
SET standard_conforming_strings = on;
SELECT pg_catalog.set_config('search_path', '', false);
SET check_function_bodies = false;
SET xmloption = content;
SET client_min_messages = warning;
SET row_security = off;

--
-- Name: ejemplo001(integer); Type: FUNCTION; Schema: public; Owner: postgres
--

CREATE FUNCTION public.ejemplo001(x integer) RETURNS TABLE(nombres character varying, apellidos character varying)
    LANGUAGE plpgsql
    AS $$
BEGIN
 RETURN QUERY SELECT u.nombres, u.apellidos FROM  usuario u where u.id_usuario=x;
END;
$$;


ALTER FUNCTION public.ejemplo001(x integer) OWNER TO postgres;

--
-- Name: test01(date, date); Type: FUNCTION; Schema: public; Owner: postgres
--

CREATE FUNCTION public.test01(fechainicio date, fechafin date) RETURNS TABLE(nombres text, apellidos text)
    LANGUAGE plpgsql
    AS $$
BEGIN
   RETURN QUERY
   SELECT usuario.nombres, 
          usuario.apellidos
   FROM  usuario ;                    -- potential ambiguity 
END
$$;


ALTER FUNCTION public.test01(fechainicio date, fechafin date) OWNER TO postgres;

SET default_tablespace = '';

SET default_with_oids = false;

--
-- Name: accion_bitacora; Type: TABLE; Schema: public; Owner: postgres
--

CREATE TABLE public.accion_bitacora (
    id_accion_bitacora integer NOT NULL,
    accion character varying(100) NOT NULL
);


ALTER TABLE public.accion_bitacora OWNER TO postgres;

--
-- Name: accion_bitacora_id_accion_bitacora_seq; Type: SEQUENCE; Schema: public; Owner: postgres
--

CREATE SEQUENCE public.accion_bitacora_id_accion_bitacora_seq
    AS integer
    START WITH 1
    INCREMENT BY 1
    NO MINVALUE
    NO MAXVALUE
    CACHE 1;


ALTER TABLE public.accion_bitacora_id_accion_bitacora_seq OWNER TO postgres;

--
-- Name: accion_bitacora_id_accion_bitacora_seq; Type: SEQUENCE OWNED BY; Schema: public; Owner: postgres
--

ALTER SEQUENCE public.accion_bitacora_id_accion_bitacora_seq OWNED BY public.accion_bitacora.id_accion_bitacora;


--
-- Name: bitacora_usuario; Type: TABLE; Schema: public; Owner: postgres
--

CREATE TABLE public.bitacora_usuario (
    id_bitacora integer NOT NULL,
    descripcion character varying(800) NOT NULL,
    fecha timestamp with time zone NOT NULL,
    id_usuario integer NOT NULL,
    id_accion_bitacora integer NOT NULL
);


ALTER TABLE public.bitacora_usuario OWNER TO postgres;

--
-- Name: bitacora_usuario_id_bitacora_seq; Type: SEQUENCE; Schema: public; Owner: postgres
--

CREATE SEQUENCE public.bitacora_usuario_id_bitacora_seq
    AS integer
    START WITH 1
    INCREMENT BY 1
    NO MINVALUE
    NO MAXVALUE
    CACHE 1;


ALTER TABLE public.bitacora_usuario_id_bitacora_seq OWNER TO postgres;

--
-- Name: bitacora_usuario_id_bitacora_seq; Type: SEQUENCE OWNED BY; Schema: public; Owner: postgres
--

ALTER SEQUENCE public.bitacora_usuario_id_bitacora_seq OWNED BY public.bitacora_usuario.id_bitacora;


--
-- Name: condicion_medica; Type: TABLE; Schema: public; Owner: postgres
--

CREATE TABLE public.condicion_medica (
    id_condicion integer NOT NULL,
    condicion character varying(200) NOT NULL,
    notas character varying(800),
    adjunto character varying(75),
    id_usuario integer NOT NULL
);


ALTER TABLE public.condicion_medica OWNER TO postgres;

--
-- Name: condicion_medica_id_condicion_seq; Type: SEQUENCE; Schema: public; Owner: postgres
--

CREATE SEQUENCE public.condicion_medica_id_condicion_seq
    AS integer
    START WITH 1
    INCREMENT BY 1
    NO MINVALUE
    NO MAXVALUE
    CACHE 1;


ALTER TABLE public.condicion_medica_id_condicion_seq OWNER TO postgres;

--
-- Name: condicion_medica_id_condicion_seq; Type: SEQUENCE OWNED BY; Schema: public; Owner: postgres
--

ALTER SEQUENCE public.condicion_medica_id_condicion_seq OWNED BY public.condicion_medica.id_condicion;


--
-- Name: contacto_doctor; Type: TABLE; Schema: public; Owner: postgres
--

CREATE TABLE public.contacto_doctor (
    id_contacto_d integer NOT NULL,
    nombre character varying(200) NOT NULL,
    telefono character varying(35) NOT NULL,
    cargo character varying(50) NOT NULL,
    id_usuario integer NOT NULL
);


ALTER TABLE public.contacto_doctor OWNER TO postgres;

--
-- Name: contacto_doctor_id_contacto_d_seq; Type: SEQUENCE; Schema: public; Owner: postgres
--

CREATE SEQUENCE public.contacto_doctor_id_contacto_d_seq
    AS integer
    START WITH 1
    INCREMENT BY 1
    NO MINVALUE
    NO MAXVALUE
    CACHE 1;


ALTER TABLE public.contacto_doctor_id_contacto_d_seq OWNER TO postgres;

--
-- Name: contacto_doctor_id_contacto_d_seq; Type: SEQUENCE OWNED BY; Schema: public; Owner: postgres
--

ALTER SEQUENCE public.contacto_doctor_id_contacto_d_seq OWNED BY public.contacto_doctor.id_contacto_d;


--
-- Name: contacto_emergencia; Type: TABLE; Schema: public; Owner: postgres
--

CREATE TABLE public.contacto_emergencia (
    id_contacto integer NOT NULL,
    nombre character varying(200) NOT NULL,
    telefono character varying(35) NOT NULL,
    relacion character varying(50) NOT NULL,
    id_usuario integer NOT NULL
);


ALTER TABLE public.contacto_emergencia OWNER TO postgres;

--
-- Name: contacto_emergencia_id_contacto_seq; Type: SEQUENCE; Schema: public; Owner: postgres
--

CREATE SEQUENCE public.contacto_emergencia_id_contacto_seq
    AS integer
    START WITH 1
    INCREMENT BY 1
    NO MINVALUE
    NO MAXVALUE
    CACHE 1;


ALTER TABLE public.contacto_emergencia_id_contacto_seq OWNER TO postgres;

--
-- Name: contacto_emergencia_id_contacto_seq; Type: SEQUENCE OWNED BY; Schema: public; Owner: postgres
--

ALTER SEQUENCE public.contacto_emergencia_id_contacto_seq OWNED BY public.contacto_emergencia.id_contacto;


--
-- Name: enlaces_compartir; Type: TABLE; Schema: public; Owner: postgres
--

CREATE TABLE public.enlaces_compartir (
    id_enlace integer NOT NULL,
    enlace character varying(75) NOT NULL,
    fecha_creacion timestamp with time zone NOT NULL,
    fecha_expiracion timestamp with time zone NOT NULL,
    num_visitas integer NOT NULL,
    id_usuario integer NOT NULL
);


ALTER TABLE public.enlaces_compartir OWNER TO postgres;

--
-- Name: enlaces_compartir_id_enlace_seq; Type: SEQUENCE; Schema: public; Owner: postgres
--

CREATE SEQUENCE public.enlaces_compartir_id_enlace_seq
    AS integer
    START WITH 1
    INCREMENT BY 1
    NO MINVALUE
    NO MAXVALUE
    CACHE 1;


ALTER TABLE public.enlaces_compartir_id_enlace_seq OWNER TO postgres;

--
-- Name: enlaces_compartir_id_enlace_seq; Type: SEQUENCE OWNED BY; Schema: public; Owner: postgres
--

ALTER SEQUENCE public.enlaces_compartir_id_enlace_seq OWNED BY public.enlaces_compartir.id_enlace;


--
-- Name: organizacion; Type: TABLE; Schema: public; Owner: postgres
--

CREATE TABLE public.organizacion (
    id_organizacion integer NOT NULL,
    nombre character varying(100) NOT NULL,
    telefono character varying(35),
    logo character varying(75)
);


ALTER TABLE public.organizacion OWNER TO postgres;

--
-- Name: organizacion_id_organizacion_seq; Type: SEQUENCE; Schema: public; Owner: postgres
--

CREATE SEQUENCE public.organizacion_id_organizacion_seq
    AS integer
    START WITH 1
    INCREMENT BY 1
    NO MINVALUE
    NO MAXVALUE
    CACHE 1;


ALTER TABLE public.organizacion_id_organizacion_seq OWNER TO postgres;

--
-- Name: organizacion_id_organizacion_seq; Type: SEQUENCE OWNED BY; Schema: public; Owner: postgres
--

ALTER SEQUENCE public.organizacion_id_organizacion_seq OWNED BY public.organizacion.id_organizacion;


--
-- Name: otra_informacion; Type: TABLE; Schema: public; Owner: postgres
--

CREATE TABLE public.otra_informacion (
    id_informacion integer NOT NULL,
    clave character varying(200) NOT NULL,
    valor character varying(800) NOT NULL,
    id_usuario integer NOT NULL
);


ALTER TABLE public.otra_informacion OWNER TO postgres;

--
-- Name: otra_informacion_id_informacion_seq; Type: SEQUENCE; Schema: public; Owner: postgres
--

CREATE SEQUENCE public.otra_informacion_id_informacion_seq
    AS integer
    START WITH 1
    INCREMENT BY 1
    NO MINVALUE
    NO MAXVALUE
    CACHE 1;


ALTER TABLE public.otra_informacion_id_informacion_seq OWNER TO postgres;

--
-- Name: otra_informacion_id_informacion_seq; Type: SEQUENCE OWNED BY; Schema: public; Owner: postgres
--

ALTER SEQUENCE public.otra_informacion_id_informacion_seq OWNED BY public.otra_informacion.id_informacion;


--
-- Name: procedimiento_medico; Type: TABLE; Schema: public; Owner: postgres
--

CREATE TABLE public.procedimiento_medico (
    id_procedimiento integer NOT NULL,
    procedimiento character varying(200) NOT NULL,
    fecha date,
    hospital character varying(200),
    adjunto character varying(75),
    id_usuario integer NOT NULL
);


ALTER TABLE public.procedimiento_medico OWNER TO postgres;

--
-- Name: procedimiento_medico_id_procedimiento_seq; Type: SEQUENCE; Schema: public; Owner: postgres
--

CREATE SEQUENCE public.procedimiento_medico_id_procedimiento_seq
    AS integer
    START WITH 1
    INCREMENT BY 1
    NO MINVALUE
    NO MAXVALUE
    CACHE 1;


ALTER TABLE public.procedimiento_medico_id_procedimiento_seq OWNER TO postgres;

--
-- Name: procedimiento_medico_id_procedimiento_seq; Type: SEQUENCE OWNED BY; Schema: public; Owner: postgres
--

ALTER SEQUENCE public.procedimiento_medico_id_procedimiento_seq OWNED BY public.procedimiento_medico.id_procedimiento;


--
-- Name: seguro_medico; Type: TABLE; Schema: public; Owner: postgres
--

CREATE TABLE public.seguro_medico (
    id_seguro integer NOT NULL,
    compania character varying(100) NOT NULL,
    num_identificacion character varying(50) NOT NULL,
    deducible numeric(9,2),
    telefono character varying(35),
    notas character varying(800),
    adjunto character varying(75),
    id_usuario integer NOT NULL
);


ALTER TABLE public.seguro_medico OWNER TO postgres;

--
-- Name: seguro_medico_id_seguro_seq; Type: SEQUENCE; Schema: public; Owner: postgres
--

CREATE SEQUENCE public.seguro_medico_id_seguro_seq
    AS integer
    START WITH 1
    INCREMENT BY 1
    NO MINVALUE
    NO MAXVALUE
    CACHE 1;


ALTER TABLE public.seguro_medico_id_seguro_seq OWNER TO postgres;

--
-- Name: seguro_medico_id_seguro_seq; Type: SEQUENCE OWNED BY; Schema: public; Owner: postgres
--

ALTER SEQUENCE public.seguro_medico_id_seguro_seq OWNED BY public.seguro_medico.id_seguro;


--
-- Name: tipo_usuario_p; Type: TABLE; Schema: public; Owner: postgres
--

CREATE TABLE public.tipo_usuario_p (
    id_tipo_usuario_p integer NOT NULL,
    tipo character varying(50) NOT NULL
);


ALTER TABLE public.tipo_usuario_p OWNER TO postgres;

--
-- Name: tipo_usuario_p_id_tipo_usuario_p_seq; Type: SEQUENCE; Schema: public; Owner: postgres
--

CREATE SEQUENCE public.tipo_usuario_p_id_tipo_usuario_p_seq
    AS integer
    START WITH 1
    INCREMENT BY 1
    NO MINVALUE
    NO MAXVALUE
    CACHE 1;


ALTER TABLE public.tipo_usuario_p_id_tipo_usuario_p_seq OWNER TO postgres;

--
-- Name: tipo_usuario_p_id_tipo_usuario_p_seq; Type: SEQUENCE OWNED BY; Schema: public; Owner: postgres
--

ALTER SEQUENCE public.tipo_usuario_p_id_tipo_usuario_p_seq OWNED BY public.tipo_usuario_p.id_tipo_usuario_p;


--
-- Name: usuario; Type: TABLE; Schema: public; Owner: postgres
--

CREATE TABLE public.usuario (
    id_usuario integer NOT NULL,
    nombres character varying(100) NOT NULL,
    apellidos character varying(100) NOT NULL,
    email character varying(150) NOT NULL,
    telefono character varying(35),
    clave character(98) NOT NULL,
    uid character(5) NOT NULL,
    pin smallint NOT NULL,
    direccion character varying(250),
    foto character varying(75),
    tipo_sangre character varying(5),
    fecha_nacimiento date,
    di character varying(25),
    es_donador boolean,
    listado boolean DEFAULT true NOT NULL,
    ciudad character varying(50),
    estado character varying(50),
    pais character varying(50) NOT NULL
);


ALTER TABLE public.usuario OWNER TO postgres;

--
-- Name: usuario_alergia; Type: TABLE; Schema: public; Owner: postgres
--

CREATE TABLE public.usuario_alergia (
    id_alergia integer NOT NULL,
    alergia character varying(200) NOT NULL,
    reaccion character varying(800),
    id_usuario integer NOT NULL
);


ALTER TABLE public.usuario_alergia OWNER TO postgres;

--
-- Name: usuario_alergia_id_alergia_seq; Type: SEQUENCE; Schema: public; Owner: postgres
--

CREATE SEQUENCE public.usuario_alergia_id_alergia_seq
    AS integer
    START WITH 1
    INCREMENT BY 1
    NO MINVALUE
    NO MAXVALUE
    CACHE 1;


ALTER TABLE public.usuario_alergia_id_alergia_seq OWNER TO postgres;

--
-- Name: usuario_alergia_id_alergia_seq; Type: SEQUENCE OWNED BY; Schema: public; Owner: postgres
--

ALTER SEQUENCE public.usuario_alergia_id_alergia_seq OWNED BY public.usuario_alergia.id_alergia;


--
-- Name: usuario_id_usuario_seq; Type: SEQUENCE; Schema: public; Owner: postgres
--

CREATE SEQUENCE public.usuario_id_usuario_seq
    AS integer
    START WITH 1
    INCREMENT BY 1
    NO MINVALUE
    NO MAXVALUE
    CACHE 1;


ALTER TABLE public.usuario_id_usuario_seq OWNER TO postgres;

--
-- Name: usuario_id_usuario_seq; Type: SEQUENCE OWNED BY; Schema: public; Owner: postgres
--

ALTER SEQUENCE public.usuario_id_usuario_seq OWNED BY public.usuario.id_usuario;


--
-- Name: usuario_medicacion; Type: TABLE; Schema: public; Owner: postgres
--

CREATE TABLE public.usuario_medicacion (
    id_medicacion integer NOT NULL,
    nombre character varying(100) NOT NULL,
    dosis character varying(25) NOT NULL,
    frecuencia character varying(25) NOT NULL,
    notas character varying(800),
    adjunto character varying(75),
    id_usuario integer NOT NULL
);


ALTER TABLE public.usuario_medicacion OWNER TO postgres;

--
-- Name: usuario_medicacion_id_medicacion_seq; Type: SEQUENCE; Schema: public; Owner: postgres
--

CREATE SEQUENCE public.usuario_medicacion_id_medicacion_seq
    AS integer
    START WITH 1
    INCREMENT BY 1
    NO MINVALUE
    NO MAXVALUE
    CACHE 1;


ALTER TABLE public.usuario_medicacion_id_medicacion_seq OWNER TO postgres;

--
-- Name: usuario_medicacion_id_medicacion_seq; Type: SEQUENCE OWNED BY; Schema: public; Owner: postgres
--

ALTER SEQUENCE public.usuario_medicacion_id_medicacion_seq OWNED BY public.usuario_medicacion.id_medicacion;


--
-- Name: usuario_privilegiado; Type: TABLE; Schema: public; Owner: postgres
--

CREATE TABLE public.usuario_privilegiado (
    id_usuario_p integer NOT NULL,
    nombres character varying(100) NOT NULL,
    apellidos character varying(100) NOT NULL,
    email character varying(150) NOT NULL,
    telefono character varying(35),
    clave character(98) NOT NULL,
    id_tipo_usuario_p integer NOT NULL,
    id_organizacion integer NOT NULL
);


ALTER TABLE public.usuario_privilegiado OWNER TO postgres;

--
-- Name: usuario_privilegiado_id_usuario_p_seq; Type: SEQUENCE; Schema: public; Owner: postgres
--

CREATE SEQUENCE public.usuario_privilegiado_id_usuario_p_seq
    AS integer
    START WITH 1
    INCREMENT BY 1
    NO MINVALUE
    NO MAXVALUE
    CACHE 1;


ALTER TABLE public.usuario_privilegiado_id_usuario_p_seq OWNER TO postgres;

--
-- Name: usuario_privilegiado_id_usuario_p_seq; Type: SEQUENCE OWNED BY; Schema: public; Owner: postgres
--

ALTER SEQUENCE public.usuario_privilegiado_id_usuario_p_seq OWNED BY public.usuario_privilegiado.id_usuario_p;


--
-- Name: usuarios_compartir; Type: TABLE; Schema: public; Owner: postgres
--

CREATE TABLE public.usuarios_compartir (
    id_usuarios_compartir integer NOT NULL,
    id_usuario integer NOT NULL,
    id_usuario_comparte integer NOT NULL
);


ALTER TABLE public.usuarios_compartir OWNER TO postgres;

--
-- Name: usuarios_compartir_id_usuarios_compartir_seq; Type: SEQUENCE; Schema: public; Owner: postgres
--

CREATE SEQUENCE public.usuarios_compartir_id_usuarios_compartir_seq
    AS integer
    START WITH 1
    INCREMENT BY 1
    NO MINVALUE
    NO MAXVALUE
    CACHE 1;


ALTER TABLE public.usuarios_compartir_id_usuarios_compartir_seq OWNER TO postgres;

--
-- Name: usuarios_compartir_id_usuarios_compartir_seq; Type: SEQUENCE OWNED BY; Schema: public; Owner: postgres
--

ALTER SEQUENCE public.usuarios_compartir_id_usuarios_compartir_seq OWNED BY public.usuarios_compartir.id_usuarios_compartir;


--
-- Name: accion_bitacora id_accion_bitacora; Type: DEFAULT; Schema: public; Owner: postgres
--

ALTER TABLE ONLY public.accion_bitacora ALTER COLUMN id_accion_bitacora SET DEFAULT nextval('public.accion_bitacora_id_accion_bitacora_seq'::regclass);


--
-- Name: bitacora_usuario id_bitacora; Type: DEFAULT; Schema: public; Owner: postgres
--

ALTER TABLE ONLY public.bitacora_usuario ALTER COLUMN id_bitacora SET DEFAULT nextval('public.bitacora_usuario_id_bitacora_seq'::regclass);


--
-- Name: condicion_medica id_condicion; Type: DEFAULT; Schema: public; Owner: postgres
--

ALTER TABLE ONLY public.condicion_medica ALTER COLUMN id_condicion SET DEFAULT nextval('public.condicion_medica_id_condicion_seq'::regclass);


--
-- Name: contacto_doctor id_contacto_d; Type: DEFAULT; Schema: public; Owner: postgres
--

ALTER TABLE ONLY public.contacto_doctor ALTER COLUMN id_contacto_d SET DEFAULT nextval('public.contacto_doctor_id_contacto_d_seq'::regclass);


--
-- Name: contacto_emergencia id_contacto; Type: DEFAULT; Schema: public; Owner: postgres
--

ALTER TABLE ONLY public.contacto_emergencia ALTER COLUMN id_contacto SET DEFAULT nextval('public.contacto_emergencia_id_contacto_seq'::regclass);


--
-- Name: enlaces_compartir id_enlace; Type: DEFAULT; Schema: public; Owner: postgres
--

ALTER TABLE ONLY public.enlaces_compartir ALTER COLUMN id_enlace SET DEFAULT nextval('public.enlaces_compartir_id_enlace_seq'::regclass);


--
-- Name: organizacion id_organizacion; Type: DEFAULT; Schema: public; Owner: postgres
--

ALTER TABLE ONLY public.organizacion ALTER COLUMN id_organizacion SET DEFAULT nextval('public.organizacion_id_organizacion_seq'::regclass);


--
-- Name: otra_informacion id_informacion; Type: DEFAULT; Schema: public; Owner: postgres
--

ALTER TABLE ONLY public.otra_informacion ALTER COLUMN id_informacion SET DEFAULT nextval('public.otra_informacion_id_informacion_seq'::regclass);


--
-- Name: procedimiento_medico id_procedimiento; Type: DEFAULT; Schema: public; Owner: postgres
--

ALTER TABLE ONLY public.procedimiento_medico ALTER COLUMN id_procedimiento SET DEFAULT nextval('public.procedimiento_medico_id_procedimiento_seq'::regclass);


--
-- Name: seguro_medico id_seguro; Type: DEFAULT; Schema: public; Owner: postgres
--

ALTER TABLE ONLY public.seguro_medico ALTER COLUMN id_seguro SET DEFAULT nextval('public.seguro_medico_id_seguro_seq'::regclass);


--
-- Name: tipo_usuario_p id_tipo_usuario_p; Type: DEFAULT; Schema: public; Owner: postgres
--

ALTER TABLE ONLY public.tipo_usuario_p ALTER COLUMN id_tipo_usuario_p SET DEFAULT nextval('public.tipo_usuario_p_id_tipo_usuario_p_seq'::regclass);


--
-- Name: usuario id_usuario; Type: DEFAULT; Schema: public; Owner: postgres
--

ALTER TABLE ONLY public.usuario ALTER COLUMN id_usuario SET DEFAULT nextval('public.usuario_id_usuario_seq'::regclass);


--
-- Name: usuario_alergia id_alergia; Type: DEFAULT; Schema: public; Owner: postgres
--

ALTER TABLE ONLY public.usuario_alergia ALTER COLUMN id_alergia SET DEFAULT nextval('public.usuario_alergia_id_alergia_seq'::regclass);


--
-- Name: usuario_medicacion id_medicacion; Type: DEFAULT; Schema: public; Owner: postgres
--

ALTER TABLE ONLY public.usuario_medicacion ALTER COLUMN id_medicacion SET DEFAULT nextval('public.usuario_medicacion_id_medicacion_seq'::regclass);


--
-- Name: usuario_privilegiado id_usuario_p; Type: DEFAULT; Schema: public; Owner: postgres
--

ALTER TABLE ONLY public.usuario_privilegiado ALTER COLUMN id_usuario_p SET DEFAULT nextval('public.usuario_privilegiado_id_usuario_p_seq'::regclass);


--
-- Name: usuarios_compartir id_usuarios_compartir; Type: DEFAULT; Schema: public; Owner: postgres
--

ALTER TABLE ONLY public.usuarios_compartir ALTER COLUMN id_usuarios_compartir SET DEFAULT nextval('public.usuarios_compartir_id_usuarios_compartir_seq'::regclass);


--
-- Data for Name: accion_bitacora; Type: TABLE DATA; Schema: public; Owner: postgres
--

COPY public.accion_bitacora (id_accion_bitacora, accion) FROM stdin;
1	Agregar
2	Actualizar
3	Eliminar
4	Inicio de sesión
5	Cambio de contraseña
6	Perfil compartido
\.


--
-- Data for Name: bitacora_usuario; Type: TABLE DATA; Schema: public; Owner: postgres
--

COPY public.bitacora_usuario (id_bitacora, descripcion, fecha, id_usuario, id_accion_bitacora) FROM stdin;
1	Iniciaste sesión a tu cuenta	2020-01-15 00:00:00-06	1	4
2	Agregaste un nuevo contacto de emergencia	2020-01-15 00:00:00-06	2	1
3	Actualizaste tu nombre de perfil	2020-01-15 00:00:00-06	8	2
4	Agregaste una condicion medica	2020-01-15 00:00:00-06	7	1
5	Iniciaste sesión a tu cuenta	2020-01-15 00:00:00-06	6	4
6	Eliminaste un contacto de emergencia	2020-01-15 00:00:00-06	22	3
7	Agregaste un nuevo contacto de emergencia	2020-01-15 00:00:00-06	23	1
8	Agregaste una condicion medica	2020-01-15 00:00:00-06	5	1
9	Actualizaste tu nombre de perfil	2020-01-15 00:00:00-06	30	2
10	Iniciaste sesión a tu cuenta	2020-01-15 00:00:00-06	16	4
11	Eliminaste un contacto de emergencia	2020-01-15 00:00:00-06	21	3
12	Iniciaste sesión a tu cuenta	2020-01-15 00:00:00-06	4	4
13	Actualizaste tu nombre de perfil	2020-01-15 00:00:00-06	3	2
14	Agregaste una condicion medica	2020-01-15 00:00:00-06	26	1
15	Actualizaste tu contraseña	2020-01-15 00:00:00-06	29	6
16	Agregaste un nuevo contacto de emergencia	2020-01-15 00:00:00-06	27	1
17	Agregaste un contacto de doctor	2020-01-15 00:00:00-06	17	1
18	Agregaste una condicion medica	2020-01-15 00:00:00-06	12	1
19	Agregaste un nuevo contacto de emergencia	2020-01-15 00:00:00-06	18	1
20	Iniciaste sesión a tu cuenta	2020-01-15 00:00:00-06	28	4
21	Agregaste un contacto de doctor	2020-01-15 00:00:00-06	13	1
22	Iniciaste sesión a tu cuenta	2020-01-15 00:00:00-06	19	4
23	Agregaste un contacto de doctor	2020-01-15 00:00:00-06	20	1
24	Agregaste una condicion medica	2020-01-15 00:00:00-06	14	1
25	Actualizaste tu nombre de perfil	2020-01-15 00:00:00-06	15	2
26	Agregaste un nuevo contacto de emergencia	2020-01-15 00:00:00-06	9	1
27	Actualizaste tu contraseña	2020-01-15 00:00:00-06	24	6
28	Eliminaste un contacto de emergencia	2020-01-15 00:00:00-06	11	3
29	Iniciaste sesión a tu cuenta	2020-01-15 00:00:00-06	25	4
30	Agregaste un contacto de doctor	2020-01-15 00:00:00-06	10	1
\.


--
-- Data for Name: condicion_medica; Type: TABLE DATA; Schema: public; Owner: postgres
--

COPY public.condicion_medica (id_condicion, condicion, notas, adjunto, id_usuario) FROM stdin;
1	Hipertensión	Surgio en el 2018	/documents/9xyeX9MEQA.pdf	9
2	Asma	Ya me habian detectado esta enfermedad hace un mes	/documents/i91dtZzsiP.png	12
3	Dermatitis atópica	Siento dolores externos a la enfermedad también	/documents/DFjNK2gEZY.docx	25
4	Gonorrea	Comenze a sentir los sintomas el dia 17 de Junio del 2019	/documents/WhM4nZpy86.docx	13
5	Insuficiencia cardiaca	A finales de este mes (enero 2020) comenze a sentir los malestares de esta enfermedad	/documents/X0RSHyaMdJ.png	5
6	Gonorrea	Me recetaron medicinas pero las perdi	/documents/rGx6I7ztSZ.png	14
7	Hepatitis A	Ya me habian detectado esta enfermedad hace un mes	/documents/QV8MTxmOg0.pdf	24
8	Lepra	Comenze a sentir estos malestares al final del 2019	/documents/TZvh2JR4hk.txt	8
9	Hipertensión	A finales de este mes (enero 2020) comenze a sentir los malestares de esta enfermedad	/documents/9d4W0nZ92m.txt	28
10	Faringitis	Me sentia mal desde hace unos dias, pero no le hice caso a la enfermedad	/documents/GFyoG0wwRo.txt	29
11	Lepra	A finales de este mes (enero 2020) comenze a sentir los malestares de esta enfermedad	/documents/OPTPgkWaeB.docx	2
12	Malaria	Ya me habian detectado esta enfermedad hace un mes	/documents/vhEhrRtto9.png	3
13	Hipertensión	Me recetaron medicinas pero las perdi	/documents/neIXL1osRy.pdf	15
14	Glaucoma	Surgio a inicios de este año (2020)	/documents/FNgx7sVkbt.png	27
15	Linfoma	Siento dolores externos a la enfermedad también	/documents/E09VStrrBM.png	26
16	Dengue	Me sentia mal desde hace unos dias, pero no le hice caso a la enfermedad	/documents/eRFPOGqIpx.png	20
17	Insuficiencia cardiaca	Surgio a finales de esta semana (09 de Jun del 2020)	/documents/V6xVWr3EUC.txt	10
18	Linfoma	Comenze a sentir los sintomas el dia 28 de Junio del 2019	/documents/vzCC9FVdCu.jpg	21
19	Faringitis	Tome todas mis medicinas pero no me hicieron efecto alguno	/documents/NjK944r2bL.docx	11
20	Hepatitis A	Ya me habian detectado esta enfermedad hace un mes	/documents/BoMBd66uZw.pdf	22
21	Hipertensión	Me sentia mal desde hace unos dias, pero no le hice caso a la enfermedad	/documents/6xsZaMkILH.docx	4
22	Asma	Me dio mucho dolor de cuerpo esta madrugada (29 de Jun 2020)	/documents/CVSQx1Frt0.pdf	20
23	Dengue	Un medico me receto una medicina que se me fue dificil tomarmela	/documents/GC0iGaape0.pdf	23
24	Juanetes	Surgio a inicios de este año (2020)	/documents/KpJgtOHKrY.docx	19
25	Glaucoma	Me recetaron medicinas pero las perdi	/documents/1jyvMxicJ2.docx	6
26	Dermatitis atópica	Me dio mucho dolor de cuerpo esta madrugada (29 de Jun 2020)	/documents/IN48LW6I6H.pdf	16
27	Asma	Me dio mucho dolor de cuerpo esta madrugada (29 de Jun 2020)	/documents/CDFiimnv6c.png	18
28	Malaria	Comenze a sentir estos malestares al final del 2019	/documents/Pbqa3JTD0K.png	7
29	Hipertensión	Un medico me receto una medicina que se me fue dificil tomarmela	/documents/vJatqtMNVp.txt	17
30	Dermatitis atópica	Surgio a inicios de este año (2020)	/documents/StWxkbcJ56.png	1
\.


--
-- Data for Name: contacto_doctor; Type: TABLE DATA; Schema: public; Owner: postgres
--

COPY public.contacto_doctor (id_contacto_d, nombre, telefono, cargo, id_usuario) FROM stdin;
1	Alfonso Ayala Hernandez	+50375028568	Medico general	27
2	Guillermo Enrique Bahamonde	+50379914332	Pediatra	30
3	David Salvador Canas	+50361116944	Pediatra	2
4	Manuel Jorge Juarez	+50361903228	Cardiólogo	11
5	Gonzalo Javier Farres	+50369538327	Nefrólogo	26
6	Luis Gabriel Sirera	+50363528440	Cardiólogo	20
7	Leonardo Jose Jeronimo	+50386295678	Ginecólogo	12
8	Oscar Julian Rosario	+50363847864	Terapeuta	14
9	Ramon Luis Placeres	+50388198293	Medico general	21
10	Luis Ricardo Ferreres	+50378114895	Neurocirujano	4
11	Carlos Ernesto Mendo	+50389494487	Neurocirujano	15
12	Luis Alfredo Cerdeira	+50361256328	Ginecólogo	5
13	Francisco Santos Cerezuela	+50374756069	Terapeuta	16
14	Oscar Francisco Secades	+50373976860	Terapeuta	13
15	Eduardo Vicente Sirera	+50367116957	Ginecólogo	12
16	Jesus Gregorio Barreira	+50361465345	Medico general	6
17	Carlos Nicolas Lorite	+50384943193	Pediatra	22
18	Jose Marcos Balague	+50375640966	Cardiólogo	23
19	Oscar Santiago Mesas	+50384120132	Cardiólogo	7
20	Rafael Ivan Darriba	+50366716630	Medico general	25
21	Pere Antoni Hervas	+50388279425	Neurocirujano	8
22	David Jose De Oliveira	+50372296077	Medico general	1
23	Cesar Vicente Elena	+50378496128	Ginecólogo	9
24	Fernando Ignacio Bodi	+50364815693	Neurocirujano	10
25	Cristobal Jesus Salvador	+50363871428	Medico general	18
26	Moises David Colas	+50389553457	Nefrólogo	24
27	Jose Miguel Lerida	+50381382858	Neurocirujano	16
28	Roberto Clapes	+50371774203	nefrólogo	17
29	Ignacio Alejandro San Nicolas	+50373829100	Terapeuta	3
30	Jorge Joaquin Dominguez	+50378315400	Ginecólogo	19
\.


--
-- Data for Name: contacto_emergencia; Type: TABLE DATA; Schema: public; Owner: postgres
--

COPY public.contacto_emergencia (id_contacto, nombre, telefono, relacion, id_usuario) FROM stdin;
1	Juana Antonia Olaizola	+50377077816	Hermano	1
2	Ainara Carmen Legido	+50379933062	Madre	9
3	Soraya Maria Segurola	+50389921148	Hermano	8
4	Tamar Dominguez	+50379027883	Madre	7
5	Almudena Carmen Solera	+50381065192	Hermana	6
6	Iris Maria Rafols	+50369962409	Hermano	5
7	Carmen Elizabeth Beraza	+50384657923	Sobrina	10
8	Carlos Adolfo Panisello	+50379348374	Hermano	30
9	Juan Mariano Dols	+50383524434	Tio	14
10	Jorge Enrique Hinojosa	+50381336309	Hermano	29
11	Aira Mella	+50367628944	Madre	15
12	Vicente Joaquin Bergua	+50383596048	Primo	16
13	Ana Elvira March	+50366710247	Madre	17
14	Vicente Rafael Salvador	+50389719499	Hermano	2
15	Hector Raul Prol	+50387712560	Primo	18
16	Justa Maria Asin	+50389386704	Hermano	19
17	Guillermo Alejandro De Paz	+50379339134	Padrastro	28
18	Esther Carmen De Gregorio	+50366495569	Madre	27
19	Carlos Antonio Picado	+50374275588	Hermano	4
20	Julio Miguel Irigoyen	+50379935965	Hermano	20
21	Marco Jose Pin	+50366829409	Primo	21
22	Luis Javier Cifre	+50362344996	Padrastro	3
23	Ana Margarita Frances	+50382169382	Tia	11
24	Jose Aaron Febles	+50362069477	Sobrino	26
25	Pedro Joaquin Garcias	+50361481264	Tio	12
26	Yaiza Carmen Menarguez	+50383079677	Madre	13
27	Maria Farners Ladron De Guevara	+50384758672	Madrastra	25
28	Carlos Samuel Carceller	+50364787665	Padrastro	24
29	Hilario Jose Zubia	+50366042276	Hermano	22
30	Ana Lucia Valladolid	+50364641559	Hermano	23
\.


--
-- Data for Name: enlaces_compartir; Type: TABLE DATA; Schema: public; Owner: postgres
--

COPY public.enlaces_compartir (id_enlace, enlace, fecha_creacion, fecha_expiracion, num_visitas, id_usuario) FROM stdin;
1	/share/4Myy8CthQC7/	2020-02-21 00:00:00-06	2020-05-23 00:00:00-06	0	4
2	/share/9Mgp7HkmBG3/	2020-03-02 00:00:00-06	2020-05-11 00:00:00-06	1	23
3	/share/8Oyj1IupMY4/	2020-03-23 00:00:00-06	2020-06-09 00:00:00-06	4	14
4	/share/0Iyp9CpqMA6/	2020-02-13 00:00:00-06	2020-05-25 00:00:00-06	3	9
5	/share/5Tpb8WipKB4/	2020-02-15 00:00:00-06	2020-05-13 00:00:00-06	2	4
6	/share/4Ozv2XjaJH5/	2020-03-12 00:00:00-06	2020-05-14 00:00:00-06	2	22
7	/share/1Emt3NqqGX1/	2020-03-23 00:00:00-06	2020-05-06 00:00:00-06	0	7
8	/share/5Uog9TwlRN0/	2020-02-01 00:00:00-06	2020-06-08 00:00:00-06	1	2
9	/share/9Qmm4FepWW3/	2020-03-23 00:00:00-06	2020-06-09 00:00:00-06	2	1
10	/share/5Tur9NqqEX8/	2020-02-26 00:00:00-06	2020-04-25 00:00:00-06	0	11
11	/share/9Gyn0NfkLT9/	2020-02-18 00:00:00-06	2020-04-19 00:00:00-06	5	20
12	/share/1Gjq6MjnFQ0/	2020-03-25 00:00:00-06	2020-05-01 00:00:00-06	2	20
13	/share/1Eoh2MtrLW6/	2020-01-22 00:00:00-06	2020-04-23 00:00:00-06	1	18
14	/share/1Tco6JzoGH7/	2020-03-14 00:00:00-06	2020-06-13 00:00:00-06	2	30
15	/share/1Waw3VnsFX0/	2020-01-23 00:00:00-06	2020-06-09 00:00:00-06	5	28
16	/share/9Rky2MnwMZ8/	2020-02-04 00:00:00-06	2020-04-10 00:00:00-06	3	13
17	/share/1Ufh7MyqKQ4/	2020-02-17 00:00:00-06	2020-05-01 00:00:00-06	2	6
18	/share/6Bpf1FndDH6/	2020-02-13 00:00:00-06	2020-05-08 00:00:00-06	2	11
19	/share/2Xrd6OedWX7/	2020-03-15 00:00:00-06	2020-04-10 00:00:00-06	4	4
20	/share/7Pnj2LxaSK3/	2020-01-02 00:00:00-06	2020-06-13 00:00:00-06	0	6
21	/share/7Wge6DmfXS2/	2020-03-06 00:00:00-06	2020-05-21 00:00:00-06	1	8
22	/share/6Dgt6ExhIO0/	2020-01-05 00:00:00-06	2020-06-19 00:00:00-06	1	11
23	/share/4Nts8AccYL1/	2020-03-15 00:00:00-06	2020-05-13 00:00:00-06	3	16
24	/share/1Mgc1AgyJB5/	2020-01-27 00:00:00-06	2020-06-26 00:00:00-06	1	17
25	/share/1Gyt3HroXG7/	2020-01-18 00:00:00-06	2020-05-28 00:00:00-06	4	21
26	/share/3Uks0HcfYJ0/	2020-01-13 00:00:00-06	2020-04-16 00:00:00-06	2	6
27	/share/4Wfh7RcsEE7/	2020-01-20 00:00:00-06	2020-06-13 00:00:00-06	1	29
28	/share/5Eqo7IgdFF0/	2020-01-07 00:00:00-06	2020-04-19 00:00:00-06	1	28
29	/share/0Vem8LjbHS1/	2020-01-08 00:00:00-06	2020-05-10 00:00:00-06	5	4
30	/share/0Kin5YqrKF3/	2020-02-24 00:00:00-06	2020-06-22 00:00:00-06	5	5
\.


--
-- Data for Name: organizacion; Type: TABLE DATA; Schema: public; Owner: postgres
--

COPY public.organizacion (id_organizacion, nombre, telefono, logo) FROM stdin;
1	Cruz Verde Salvadoreña	+50322845792	/content/U7xSUcMK2qwIOdsgWOFF.png
2	Cruz Roja Salvadoreña	+50322225155	/content/tx6aknhOH5jjR5PY6ivJ.png
3	Comandos de salvamento	+50321330000	/content/JPOyKNLGEHJfYQtBxBBq.png
4	SEM	+50325289700	/content/2v6Mn54Gvr3DT7oKI1O6.png
5	Protección Civil	+50322012424	/content/zZsFMCxTEzeiI0bB3ry5.png
\.


--
-- Data for Name: otra_informacion; Type: TABLE DATA; Schema: public; Owner: postgres
--

COPY public.otra_informacion (id_informacion, clave, valor, id_usuario) FROM stdin;
1	En caso de morir	Llamar a mi abogado y que traiga el testamento.	1
2	Adicciones	Alcohol y Tabaco	2
3	Mi testamento	Lo tiene mi abogado	3
4	Estoy en rehabilitación	Despúes de 6 meses de abuso de drogas	6
5	En caso de morir	Quiero ser cremado	7
6	Adicción	Al alcohol	8
7	Lentes	Tengo astigmatismo y miopía	9
8	En caso de morir	Quiero donar todos los organos que se puedan	16
9	Salud	Siempre he tenido buena salud	17
10	Al morir	Deseo donar solo mi corazón, y ser cremado	18
11	Visión	Tengo buena visión sin ninguna enfermedad ocular	19
12	Mi testamento	No está redactado, pero ya todo se reparte a mi familia	20
13	Nunca he sido hospitalizado	No sé si soy alérgico a algún medicamento	21
14	Rehabilitación	Por uso de drogas	22
15	Al morir	Llamar a todos mis contactos	23
\.


--
-- Data for Name: procedimiento_medico; Type: TABLE DATA; Schema: public; Owner: postgres
--

COPY public.procedimiento_medico (id_procedimiento, procedimiento, fecha, hospital, adjunto, id_usuario) FROM stdin;
1	Inmovilización del hueso	2000-06-13	Hospital Nacional San Rafael	/documents/CYzN7JqO-radiografia.jpg	1
2	Rayos X en la zona del tórax	1985-09-29	Hospital Nacional Rosales	/documents/6ZDruF13-radiografiatorax.jpg	2
3	Prueba de orina para la detección de diabetes	2014-06-15	Hospital de Diagnóstico	/documents/9ubT8EdU-resultadosprueba.pdf	3
4	Prueba de anticuerpos para hepatitis C	1990-01-28	Hospital de la Mujer	/documents/zJKVt6tG-resultados.pdf	4
5	Extracción de la muela del juicio	2015-02-27	Centro Médico Lourdes	/documents/67g2GACv-diagnostico.pdf	5
6	Trombectomía mecánica percutánea de la vena portal con guía fluoroscópica	2006-05-16	Hospital Divina Providencia	/documents/Fzd5aXaJ-perfilmedico.pdf	6
7	Ecocardiografía	2016-07-24	Hospital Profamilia	/documents/73Pg32be-resultados.jpg	7
8	Examen general breve	2007-07-16	Hospital Merliot	/documents/gy9Rinhm-examengeneral.jpg	8
9	La hemoglobina / hematocrito / Recuento de plaquetas	2016-07-09	Hospital Paravida	/documents/mDsVGFLs-resultados.jpg	9
10	Tobillo de rayos X	2010-10-19	Hospital Nacional de Santa Rosa de Lima	/documents/M22tHvl3-radiografiatobillo.jpg	10
11	Examen general breve	1982-06-04	Hospital Nacional Rosales	/documents/NrOS6WHt-resultadosexamen.jpg	11
12	Examen general breve	2019-10-17	Hospital de Diagnóstico	/documents/cX7ecWTf-examenrutinario.pdf	12
13	Examen de detección de la rubéola	1983-03-16	Hospital Profamilia	/documents/WQfxYYr7-resultadosrubeola.pdf	13
14	Prueba de infección por gonorrea	2004-11-13	Hospital de la Mujer	/documents/v0JedI7G-resultadosg.jpg	14
15	Prueba de antígeno del VIH	1999-07-19	Hospital Divina Providencia	/documents/43TRBc47-resultados.pdf	15
16	Inmunización pasiva RhD	2014-04-10	Hospital Nacional de Santa Rosa de Lima	/documents/Z5yJVNFm-diagnostico.pdf	16
17	La colonoscopia	2014-04-14	Hospital Paravida	/documents/JFsF8HDi-diagnostico.jpg	17
18	Sutura de herida abierta	2018-08-10	Hospital San Rafael	/documents/rnewldHt-diagnostico.jpg	18
19	Cultivo de garganta	2002-04-06	Centro Médico Lourdes	/documents/OB8mInQc-resultados.jpg	19
20	Examen general breve	2016-01-05	Hospital Merliot	/documents/1FUpNdp9-resultadosexamen.jpg	20
21	Análisis de orina para la glucosa	2016-12-29	Hospital Divina Providencia	/documents/bsvjf4u9-resultadosenprueba.jpg	21
22	Espirometría	2013-05-31	Hospital Merliot	/documents/q7lxdiks-diagnostico.pdf	22
23	Apendicectomía	2008-05-14	Hospital Paravida	/documents/eit8fcwq-diagnostico.jpg	23
24	Colonoscopia	2005-02-25	Hospital Nacioal San Rafael	/documents/khrkmoxz-constanciamedica.jpg	24
25	Inyección intramuscular	1981-03-24	Centro Médico Lourdes	/documents/udktl27f-diagnostico.jpg	25
26	De rayos X de la clavícula	2014-05-31	Hospital de la Mujer	/documents/cuowhh9p-radiografiaclavi.pdf	26
27	Remoción laparoscópica de la vesícula biliar	2004-04-27	Hospital Profamilia	/documents/bblkoosn-diagnostico.pdf	27
28	Examen general breve	2011-06-23	Hospital de Diagnóstico	/documents/3mij92re-resultados.pdf	28
29	Examen general breve	2010-03-25	Hospital Nacional Rosales	/documents/gzdiz5sl-resultadosexamen.pdf	29
30	Examen general breve	2019-08-19	Hospital Nacional de Santa Rosa de Lima	/documents/zfzfluoy-rutinadeexamenes.jpg	30
\.


--
-- Data for Name: seguro_medico; Type: TABLE DATA; Schema: public; Owner: postgres
--

COPY public.seguro_medico (id_seguro, compania, num_identificacion, deducible, telefono, notas, adjunto, id_usuario) FROM stdin;
1	Seguros Azul	618596402	10000.00	(+503)6555-6975	Seguro de vida de Seguros Azul desde el 2016	/documents/LMD99yx2-carnetdelseguro.jpg	1
2	SISA Seguros	574311417	7200.00	(+503)7578-1498	Seguro que abarca todos los posibles gastos médicos	/documents/mgD0rCWM-seguromedico.jpg	2
3	MAPFRE Seguros	162268364	4900.00	(+503)7599-4680	Abarca la mitad de los gastos médicos	/documents/UKoCF7eO-aseguradora.jpg	3
4	ASSA Seguros	430596312	3500.00	(+503)7187-0288		/documents/OUl5k2oq-seguro.pdf	4
5	Fedecredito Vida	604594487	2000.00	(+503)7155-8981	Abarca los gastos por medicinas	/documents/KQYqf91X-carnet.pdf	5
6	Sociedad Atlántida Vida	457672881	8000.00	(+503)7696-0940	Abarca todos los posibles gastos médicos	/documents/AOywzACh-identificaciondelseguro.jpg	6
7	Aseguradora Vivir	475394724	15000.00	(+503)7499-1803	Seguro	/documents/nKoMJWVQ-segurodevida.jpg	7
8	Seguros Fedecredito	622354410	10000.00	(+503)7900-1986	Seguros Fedecredito	/documents/jCyHsAes-seguro.jpg	8
9	Scotia Seguros	451657297	200000.00	(+503)7429-4008	Abarca todos los posibles gastos médicos	/documents/1vWMxt0E-carnetseguro.jpg	9
10	ASESUISA Vida	320073597	2000.00	(+503)7057-0975		/documents/spvBANX4-aseguradora.jpg	10
11	SISA Seguros	229595024	3500.00	(+503)7655-4594		/documents/Ceu2TlOD-identificacionseguro.jpg	11
12	Seguros Fedecredito	536412965	9000.00	(+503)7946-9239	Es un seguro médico	/documents/OoN2Fnnw-idenficacion.pdf	12
13	Aseguradora Vivir	212372051	1100.00	(+503)7591-5002	Es de la Aseguradora Vivir	/documents/H0hgLxWr-seguromedico2020.pdf	13
14	ASESUISA Vida	356063431	2300.00	(+503)7591-5669	ASESUISA Vida	/documents/o4Scyz4F-segurosalvador.pdf	14
15	Scotia Seguros	229675963	4000.00	(+503)7258-8523	Abarca un 25% de todos los gastos médicos	/documents/yKSLdMkr-miseguro.pdf	15
16	MAPFRE Seguros	523395989	3200.00	(+503)7793-0237	Abarca los gastos por medicamentos	/documents/3aCkOfi3-segurodevida.pdf	16
17	Seguros Azul	554777171	3300.00	(+503)6759-2268	Seguro de vida que abarca la mitad de los gastos en el hospital	/documents/VdcKKCgk-carnetdelseguro.pdf	17
18	SISA Seguros	621436245	5000.00	(+503)6436-1904	Seguro	/documents/mD6zcOzF-papeldelseguro.pdf	18
19	ASSA Seguros	542471293	1000.00	(+503)6477-6606	Es para el hospital	/documents/AxFTDBly-seguro.pdf	19
20	Sociedad Atlántida Vida	622274362	42000.00	(+503)6012-1196	Abarca todos los gastos médicos	/documents/jfc4vwVr-nombrededocumento.jpg	20
21	Sociedad Atlántida Vida	623378317	7600.00	(+503)6462-7307	Seguro de vida que abarca los gastos médicos	/documents/lkTzkbnt-atlantidaseguro.jpg	21
22	Seguros Futuro	610359136	2000.00	(+503)6449-3443	Para seguridad	/documents/qLMLXhNn-seguropersonalnuevo.jpg	22
23	Seguros del Pacífico	463615043	1800.00	(+503)6116-7130	Seguro	/documents/lafvOOqR-nuevoseguro.pdf	23
24	ASESUISA Vida	550359677	4000.00	(+503)6523-6205		/documents/xQDYVmGh-seguro2020.pdf	24
25	MAPFRE Seguros	259593220	2500.00	(+503)6774-0827		/documents/k428BZhU-carnetaseguradora.pdf	25
26	SISA Seguros	609270931	9000.00	(+503)6676-1196	Abarca la mitad de los gastos médicos	/documents/NgTEp4Ni-carnetsegurosocial.jpg	26
27	Scotia Seguros	551353329	3500.00	(+503)6080-2104		/documents/kxob8JP9-segurodevida.jpg	27
28	Fedecredito Vida	227791278	5000.00	(+503)6383-5882	Abarca todos los gastos médicos	/documents/s27IzWEN-carnetdelseguro.jpg	28
29	Seguros Azul	626554731	10000.00	(+503)6676-5947	Seguro de vida para los gastos médicos	/documents/iTcoUsIB-aseguradora.jpg	29
30	Aseguradora Vivir	332059611	30000.00	(+503)6138-2305	Abarca todos los gastos médicos	/documents/AEG0X7MY-papelseguro.jpg	30
\.


--
-- Data for Name: tipo_usuario_p; Type: TABLE DATA; Schema: public; Owner: postgres
--

COPY public.tipo_usuario_p (id_tipo_usuario_p, tipo) FROM stdin;
1	Superadministrador
2	Administrador
3	Paramédico
\.


--
-- Data for Name: usuario; Type: TABLE DATA; Schema: public; Owner: postgres
--

COPY public.usuario (id_usuario, nombres, apellidos, email, telefono, clave, uid, pin, direccion, foto, tipo_sangre, fecha_nacimiento, di, es_donador, listado, ciudad, estado, pais) FROM stdin;
1	Luis Salvador	Alavarez Montañana	luis2@gmail.com	9493-3447	iNOo4TRcGcPIUvyE                                                                                  	1315L	5510	Colonia las palmas, casa#25	Escritorio\\perfil\\users\\h234fw.jpg	O-	1992-02-03	76529364-5	f	t	San salvador	Mejicanos	El salvador
2	Juan Fernando	Alinares Castillo	juan2345@gmial.com	8072-2054	uCAgbVB9BAkbGGp4                                                                                  	97F21	4120	Colonia margaritas casa#2	Escritorio\\perfil\\users\\fa42dd.jpg	A+	1982-03-01	42183291-3	t	t	San salvador	Ayutuxtepeque	El salvador
3	Francisco Sales	Cartagena Mejia	fran234@gmail.com	3856-5199	H3mBwgFgqTyjUPsr                                                                                  	Z5419	4733	Colonia monteverte, casa#35	Escritorio\\perfil\\users\\43gaw.jpg	A+	1999-02-08	04137312-1	t	t	San salvador	Mejicanos	El salvador
4	Isidro Pequeño	Alavarez Montañana	isidro1992@gmail.com	8401-0872	EQkLArlWbDJBwkEY                                                                                  	1715L	5510	Colonia travesia azul, casa#5	Escritorio\\perfil\\users\\3dawdaw.jpg	O-	1999-02-09	76529364-2	t	t	San salvador	Mejicanos	El salvador
5	Antonio Carlos	Miguel Miguel	antonio@gmail.com	9641-0091	cc6L2zp9u1hsSHa1                                                                                  	68F33	1453	Colonia montevideo, casa#5	Escritorio\\perfil\\users\\453fg.jpg	A+	1999-08-08	43627454-4	f	t	San salvador	Ayutuxtepeque	El salvador
6	Eduardo Francisco	Llana Miguel	eduardoF@gmail.com	4943-2323	4yvga52LQv7fDHM5                                                                                  	1215L	5207	Colonia plaza verde, casa#2	Escritorio\\perfil\\users\\kunw.jpg	O+	1993-06-02	03421234-8	t	t	San salvador	Mejicanos	El salvador
7	Miguel Pedro	Corbalan Montañana	miguelito@gmail.com	6686-9991	rsZiwiU2QCDvPma5                                                                                  	00R27	2715	Colonia margaritas casa#43	Escritorio\\perfil\\users\\45dwa.jpg	O+	1995-04-07	09328734-4	t	t	San salvador	Ayutuxtepeque	El salvador
8	Gregorio Antonio	AlavarezLombardia	gregorio@gmail.com	4598-7421	Ax7PYITcDQNy0kkI                                                                                  	4683L	8504	Colonia las palmas, casa#265	\\Escritorio\\perfil\\users\\f45f.jpg	O+	1983-09-05	56473828-3	t	t	San salvador	Mejicanos	El salvador
9	Fernando Pablo	Oteiza Cartagena	fernix32@gmail.com	4975-5137	0kkFv3odBhP25msE                                                                                  	2316U	1760	Colonia montevideo, casa#12	Escritorio\\perfil\\users\\aw4fa.jpg	O+	1982-01-01	01572938-4	f	t	San salvador	Ayutuxtepeque	El salvador
10	Pedro Enrique	Palanca Montañana	pedro32@gmail.com	9128-3278	4jRMdA1hXohhaB1v                                                                                  	1415L	9355	Colonia plaza verde casa#90	Escritorio\\perfil\\users\\4wafaw.jpg	O+	1989-05-08	30847123-6	f	t	San salvador	Mejicanos	El salvador
11	Pedro Fermin	Castillo Gonzales	pedroFERMIN@gmail.com	7081-9341	EUU8nVbxvRbZIwkQ                                                                                  	115R4	5369	Colonia las palmas, casa#25	Escritorio\\perfil\\users\\456d.jpg	O-	1996-02-03	42138432-2	f	t	San salvador	Mejicanos	El salvador
12	Carlos Augusto	Arcos Miguel	augustocarlos@gmial.com	8582-1981	ydHFnoVWO3UTYWCW                                                                                  	38W65	2102	Colonia margaritas casa#2	Escritorio\\perfil\\users\\234qwf.jpg	A+	1981-03-01	01928374-5	t	t	San salvador	Ayutuxtepeque	El salvador
13	Francisco Sales	Cartagena Mejia	franciscoS@gmail.com	0148-7206	0wTHF7yzOW20IjJj                                                                                  	4699H	1334	Colonia monteverte, casa#35	Escritorio\\perfil\\users\\435f.jpg	A+	1999-09-08	02483912-6	t	t	San salvador	Mejicanos	El salvador
14	Manuel Valentin	Mantecon Montañana	ManuelVae@gmail.com	5340-7451	KS0fOoFBJZSOA1KA                                                                                  	9368L	7249	Colonia travesia azul, casa#5	Escritorio\\perfil\\users\\65fwaf.jpg	O-	1989-01-08	10293812-2	t	t	San salvador	Mejicanos	El salvador
15	Felix Jesus	Arias Alas	JesusFelix@gmail.com	3532-4331	AoLS4Z3vDV5rltZO                                                                                  	31C66	8652	Colonia montevideo, casa#5	Escritorio\\perfil\\users\\345fa.jpg	A+	1978-03-01	29381232-1	f	t	San salvador	Ayutuxtepeque	El salvador
16	Kevin Jose	Robledo Miguel	JoseKevin@gmail.com	7827-7843	c1KiaDhg6xPfm0gI                                                                                  	31T64	3720	Colonia plaza verde, casa#2	Escritorio\\perfil\\users\\f345v.jpg	O+	1993-11-03	13421284-8	t	t	San salvador	Mejicanos	El salvador
17	Emilio Pedro	Cartagena Montañana	EmilioPedr@gmail.com	7894-3551	DOccZjPmIZ4gWB4C                                                                                  	55B12	9725	Colonia margaritas casa#43	Escritorio\\perfil\\users\\thtda.jpg	O+	1992-03-12	57382912-9	t	t	San salvador	Ayutuxtepeque	El salvador
18	Oscar Jose	Raso Lombardia	OscarJous234@gmail.com	9039-3896	C7k9XMYr04XCdeOF                                                                                  	9X924	1998	Colonia las palmas, casa#265	Escritorio\\perfil\\users\\asdg4.jpg	O+	1999-01-11	20012002-4	t	t	San salvador	Mejicanos	El salvador
19	Alfonso Angelo	Oteiza Alfaro	Angelo235@gmail.com	1219-4810	uDMJzq95XKm2ec5n                                                                                  	5536P	6784	Colonia montevideo, casa#12	Escritorio\\perfil\\users\\345casd.jpg	O+	1985-04-08	56500932-9	f	t	San salvador	Ayutuxtepeque	El salvador
20	Pedro Enrique	Palanca Montañana	pedrokike@gmail.com	0029-5257	RGoiML6eYrmsBm6V                                                                                  	66T10	2290	Colonia plaza verde casa#90	Escritorio\\perfil\\users\\asd234.jpg	O+	1989-03-12	00887133-1	f	t	San salvador	Mejicanos	El salvador
21	Manuel Alvaro	Castillo Alfaro	manuelalv@gmail.com	3614-6617	DirYHcBy8TuEgvJT                                                                                  	17T59	3370	Colonia las palmas, casa#25	Escritorio\\perfil\\users\\328MN.jpg	O-	1996-11-11	28324796-2	f	t	San salvador	Mejicanos	El salvador
22	Eugenio Jesus	Roque Miguel	eugeniojesus@gmial.com	237-10623	xvKqPf41XS0DJZaL                                                                                  	54B44	9582	Colonia margaritas casa#2	Escritorio\\perfil\\users\\profil3.jpg	A+	1988-08-12	78764457-5	t	t	San salvador	Ayutuxtepeque	El salvador
23	Angel Rafael	Miguel Mejia	angelRE@gmail.com	5061-2819	2D3ledNfAvljtqPf                                                                                  	N8560	371	Colonia monteverte, casa#35	Escritorio\\perfil\\users\\img234.jpg	A+	1996-01-02	93529938-6	t	t	San salvador	Mejicanos	El salvador
24	Alfonso Eduardo	Rauda Mejia	eduardoAl@gmail.com	1020-9593	9cOCcuAUGCpvaRLr                                                                                  	72R88	8942	Colonia travesia azul, casa#5	Escritorio\\perfil\\users\\pedimg.jpg	O-	1999-04-11	84793928-2	t	t	San salvador	Mejicanos	El salvador
25	Felix Ulloa	Alvarenga Alas	FelixUlloa@gmail.com	4223-0566	qHI88Gxut7BQwrMQ                                                                                  	4S460	2480	Colonia montevideo, casa#5	Escritorio\\perfil\\users\\234duser.jpg	A+	1988-02-08	68266499-1	f	t	San salvador	Ayutuxtepeque	El salvador
26	Leandro Manuel	Roque Miguel	LeandroMueelito@gmail.com	9925-4498	7lZJUMiOmIM4f2v5                                                                                  	74G44	8908	Colonia plaza verde, casa#2	Escritorio\\perfil\\users\\perfile4.jpg	O+	1991-01-12	54585977-8	t	t	San salvador	Mejicanos	El salvador
27	Kevin Oswualdo	Alvarez Rosales	kevinoswaldo@gmail.com	9627-3191	l6lMzkipathfi91J                                                                                  	34U48	3564	Colonia margaritas casa#43	Escritorio\\perfil\\users\\iuaw3.jpg	O+	1998-03-09	73748558-9	t	t	San salvador	Ayutuxtepeque	El salvador
28	Oscar Jose	Rosales Miguel	OscarJous2314@gmail.com	7846-4157	jwN21YLA73jQtTBr                                                                                  	9X524	2607	Colonia las palmas, casa#265	Escritorio\\perfil\\users\\img3.jpg	O+	1998-09-12	26588644-4	t	t	San salvador	Mejicanos	El salvador
29	Alfonso Angelo	Villalobos Mejia	AlfonisAngee@gmail.com	4184-2852	401SzWhxIopU5QlK                                                                                  	7219I	230	Colonia montevideo, casa#12	Escritorio\\perfil\\users\\prif42.jpg	O+	1982-03-04	96828427-9	f	t	San salvador	Ayutuxtepeque	El salvador
30	Pedro Enrique	Montañana Mejia	pedrixpi@gmail.com	9681-2234	yWrdRRnhjLz9GNrc                                                                                  	19W86	4950	Colonia plaza verde casa#90	Escritorio\\perfil\\users\\d32user.jpg	O+	1991-11-12	44824565-1	f	t	San salvador	Mejicanos	El salvador
\.


--
-- Data for Name: usuario_alergia; Type: TABLE DATA; Schema: public; Owner: postgres
--

COPY public.usuario_alergia (id_alergia, alergia, reaccion, id_usuario) FROM stdin;
1	Alergia al polen	Dolor de cabeza.	1
2	Rinitis	estornudos; picor, goteo o congestión nasal	2
3	Rinitis	estornudos; picor, goteo o congestión nasal	3
4	Alergia al polen	Asma bronquial relacionada con la exposición a alérgenos	4
5	Alergia al polen	Fatiga y cansancio.	5
6	Rinitis	estornudos; picor, goteo o congestión nasal	6
7	Ácaros de polvo	estornudos; picor, goteo o congestión nasal	7
8	Alergia al polen	Dolor de cabeza.	8
9	Rinitis	estornudos; picor, goteo o congestión nasal	9
10	Cacahuete	estornudos; picor, goteo o congestión nasal	10
11	caspa animal	problemas respiratorios y también con posibilidad de generar problemas dermatológicos	11
12	Rinitis	estornudos; picor, goteo o congestión nasal	12
13	Alergia al huevo	ligero picor en la boca y/o la garganta,	13
14	Alergia al polen	Asma bronquial relacionada con la exposición a alérgenos	14
15	Alergia al polen	Fatiga y cansancio.	15
16	Rinitis	estornudos; picor, goteo o congestión nasal	16
17	Ácaros de polvo	estornudos; picor, goteo o congestión nasal	17
18	Alergia al huevo	ligero picor en la boca y/o la garganta,	18
19	caspa animal	problemas respiratorios y también con posibilidad de generar problemas dermatológicos	19
20	Alergia a los frutos secos, legumbres y cereales	leve picor en la garganta	20
21	Alergia al polen	Mareos y vomitos	21
22	Rinitis	estornudos; picor, goteo o congestión nasal	22
23	Conjuntivitis alérgica	contacto con diversos alérgenos inhalantes	23
24	Alergia al polen	Asma bronquial relacionada con la exposición a alérgenos	24
25	Alergia al polen	Fatiga y cansancio.	25
26	Rinitis	estornudos; picor, goteo o congestión nasal	26
27	Ácaros de polvo	estornudos; picor, goteo o congestión nasal	27
28	Alergia al polen	Inchazon en sus brazos	28
29	Rinitis	estornudos; picor, goteo o congestión nasal	29
30	Asma bronquial	inflamatorio crónico de las vías respiratorias	30
\.


--
-- Data for Name: usuario_medicacion; Type: TABLE DATA; Schema: public; Owner: postgres
--

COPY public.usuario_medicacion (id_medicacion, nombre, dosis, frecuencia, notas, adjunto, id_usuario) FROM stdin;
1	Acetaminofen 500mg	3 veces	Diario	\N	/documents/awfaw-consultas.txt	1
2	Acetaminofen 500mg	1 veces	Diario	\N	/documents/dfg-consultas.ext	2
3	Ibuprofeno 200mg	2 veces	Cuando sea necesario	\N	/documents/uiou-consultas.ext	3
4	Atrnol 50mg	1 vez	Semanal	\N	/documents/bfga-consultas.ext	4
5	Ibuprofeno 200mg	2 veces	Cuando sea necesario	\N	/documents/hfghj-consultas.ext	5
6	Acetaminofen 500mg	2 veces	Diario	\N	/documents/uio-consultas.txt	6
7	Ibuprofeno 200mg	2 veces	Cuando sea necesario	\N	/documents/asd-consultas.ext	7
8	Atrnol 50mg	1 vez	SemanalSemanal	\N	/documents/qwe-consultas.ext	8
9	Atrnol 50mg	1 vez	Semanal	\N	/documents/qwerty-consultas.ext	9
10	Acetaminofen 500mg	3 veces	Diario	\N	/documents/zxcvb-consultas.txt	10
11	Penicilina	3 veces	Semanal	\N	/documents/yhgnr-consultas.txt	11
12	Acetaminofen 500mg	1 veces	Diario	\N	/documents/tgbs-consultas.ext	12
13	Ibuprofeno 200mg	2 veces	Semanal	\N	/documents/opdx-consultas.ext	13
14	Atrnol 50mg	1 vez	Semanal	\N	/documents/kiytou-consultas.ext	14
15	Ibuprofeno 200mg	2 veces	Cuando sea necesario	\N	/documents/yrqet-consultas.ext	15
16	Penicilina	1 veces	Semanal	\N	/documents/terbbc-consultas.txt	16
17	Ibuprofeno 200mg	2 veces	Cuando sea necesario	\N	/documents/tepas-consultas.ext	17
18	Atrnol 50mg	1 vez	SemanalSemanal	\N	/documents/xcovf-consultas.ext	18
19	Atrnol 50mg	1 vez	Semanal	\N	/documents/tyuufw-consultas.ext	19
20	Penicilina	3 veces	Semanal	\N	/documents/uoffw-consultas.txt	20
21	Penicilina	3 veces	Semanal	\N	/documents/yhnr-consultas.txt	21
22	Acetaminofen 500mg	1 veces	Diario	\N	/documents/tgb-consultas.ext	22
23	Fosinopril 10mg	1 veces	Diario	\N	/documents/opd-consultas.ext	23
24	Lisinopril 10mg	1 vez	Diario	\N	/documents/kiytu-consultas.ext	24
25	Ibuprofeno 200mg	2 veces	Cuando sea necesario	\N	/documents/yret-consultas.ext	25
26	Enalapril 20mg	2 vez	Diario	\N	/documents/terbc-consultas.txt	26
27	Ibuprofeno 200mg	2 veces	Cuando sea necesario	\N	/documents/teas-consultas.ext	27
28	Atrnol 50mg	1 vez	SemanalSemanal	\N	/documents/xcvf-consultas.ext	28
29	Enalapril 20mg	2 vez	Diario	\N	/documents/tyufw-consultas.ext	29
30	Lisinopril 10mg	3 veces	Diario	\N	/documents/uofw-consultas.txt	30
\.


--
-- Data for Name: usuario_privilegiado; Type: TABLE DATA; Schema: public; Owner: postgres
--

COPY public.usuario_privilegiado (id_usuario_p, nombres, apellidos, email, telefono, clave, id_tipo_usuario_p, id_organizacion) FROM stdin;
1	Rodrigo Maurico	Martínez López	rodrigo@cruzrojasal.org.sv	+50372957458	$argon2i$v=19$m=1024,t=4,p=2$MtxLemFoVnZFaEJuT1NyYg$4j2ZFDn1fVS70ZExmlJ33rXOinafcBXrp6A6grHEPkI   	2	2
2	Nikolas	Dias	NikolasDias@cruzverdesalvadorena.org	+50365558576	$argon2i$v=19$m=1024,t=4,p=2$7Gl(%8Uu(%7Jo&3Ut%Zd.4Px%Rk%2Wz/#8Zw%0Wi)6Qi.9Vc)7Co/#8Ts&Qu-4Zr)Ov/#	1	1
3	Shawn	Galarza	ShawnGalarza@cruzverdesalvadorena.org	+50375552195	$argon2i$v=19$m=1024,t=4,p=2$3Wf/0Ks&3Jm,2Hs!Ne.6Zy%Gn)2Vy$4Gs(%6Qe!9Sw#0Qb%6Dw(%6Ax/#Sl(%5Cd&Qk+(	1	1
4	Ayden	Lewis	AydenLewis@cruzverdesalvadorena.org	+50365555058	$argon2i$v=19$m=1024,t=4,p=2$1Yk-1Qn/#1Tq/#2Ac(Nr%5Vd/Pa*8Xs#9Nn)5Hn%1Zq)9Io/2Th.7Al)Wr-3Gi(Gx4   	1	1
5	Carlos	Abreu	CarlosAbreu@cruzverdesalvadorena.org	+50365552949	$argon2i$v=19$m=1024,t=4,p=2$8Ef/9Aj%2Cw*8Qu&Ut.3Kl&Fq+6Sg(9Gi%2Cf$4Cm*0Ee)3Bk,9Cg&Dt(%3Ew.Ac(%   	3	1
6	Elijah	Mancilla	ElijahMancilla@cruzverdesalvadorena.org	+50365550834	$argon2i$v=19$m=1024,t=4,p=2$0Mm&6Ov*1Oq%9Ld)Zn%3Ot(%Jv.5Oo*7Kk%1Ih!7Fl.7Js-7Of(0Rb.Cz(%5Qk-R-1   	1	1
7	Adonis	Robledo	AdonisRobledo@cruzverdesalvadorena.org	+50375555837	$argon2i$v=19$m=1024,t=4,p=2$1Bh%2Tl.5Xr.9Ea*Mv(%0Xn-Eg$0Zk*4Zy!9Kx*3Wi-6Xx.6Xn+5Zv&Ee#d%Ei.$6    	3	1
8	Devin	Garduno	DevinGarduno@cruzverdesalvadorena.org	+50375556975	$argon2i$v=19$m=1024,t=4,p=2$5Cm+7Lj(4Lr!8Oo/#Tl.4Xm!Oj$1Vn&0Ny*9Vo&8Mj/2Co(%0Ty,0Rx(Pr%a+Dk)(%6  	1	1
9	Jason	Rico	JasonRico@cruzverdesalvadorena.org	+50365554152	$argon2i$v=19$m=1024,t=4,p=2$8Ra+4Qa*5Oq.6Yk.Tf/7Kb,Af,0Vk#8Eq&1Kw(%2Hy(%3Xi-4Ic/6Ld-Ib#h%By*/5   	2	1
10	Jordan	Rodarte	JordanRodarte@cruzverdesalvadorena.org	+50375559656	$argon2i$v=19$m=1024,t=4,p=2$8Va-3Bj(%8Fy+2Op/Ig+3Ll!Kk(%8Xx#7Bs/5Yz#5Bm-4Ee+1NcSa)Cv*1Qq/Vp$#7   	2	1
11	Jose	Uribe	JoseUribe@cruzverdesalvadorena.org	+50365558988	$argon2i$v=19$m=1024,t=4,p=2$0Qi-1Jx*1Fi$9Yk-Ij&3Hh+Uq(8Ei+4Fw%9Ow)3Wm.3Wl!2Ju#0Lw-Az!0!Fr//2     	2	1
12	Fernando	Alcaraz	FernandoAlcaraz@cruzverdesalvadorena.org	+50365552971	$argon2i$v=19$m=1024,t=4,p=2$0Mh)0Lp-7Ga#1Ng!Aj%7Vc#Xg)2Zt!5Ej(%6Nm%3Ew/#9(8Td#5Yk,Sq/#9Cc/m*     	2	1
13	Angelo	Betancourt	AngeloBetancourt@cruzverdesalvadorena.org	+50375558052	$argon2i$v=19$m=1024,t=4,p=2$1Un*0Ss(%0It%4Ak*Xs-6St-Sx-3Jx!6Hd(%6Rh$5%6Sg/#9Mv&4Ih*Sa#5Coh*-1    	1	1
14	Adam	Delgadillo	AdamDelgadillo@cruzverdesalvadorena.org	+50375550906	$argon2i$v=19$m=1024,t=4,p=2$1Kt%6Ez*6Ru&3Ib+Ql#8Ki-Qa-4Tp-1Mt%3Vr*0Ng&3N9Zq(%4Qp%Oa%n/Cp..1      	3	1
15	Julian	Cotto	JulianCotto@cruzverdesalvadorena.org	+50375550927	$argon2i$v=19$m=1024,t=4,p=2$8Ty,2Kh$8Bd*0Yx-Yj(%0Gs&Ii+4Ec%5Om$5Fk,1Nm$3Oh.5/#6Ph#Ga!2Oq($)9     	2	1
16	Ivan	Torres	IvanTorres@cruzverdesalvadorena.org	+50375554077	$argon2i$v=19$m=1024,t=4,p=2$8Ai!9Zi!4Vi(4Kf(Qa!9Fe&Jc!4Fh$9Zp(8Rk/4Nw#4Vh!3F0Fi%Pj(9Re(S(2       	1	1
17	Freddy	Serrano	FreddySerrano@cruzrojasal.org.sv	+50365554657	$argon2i$v=19$m=1024,t=4,p=2$4Os/6Lx%7Hl!4Wx)Zu/#8Kj*So(3Di-9El*7Hj#2Tz-8VvHo%9Dy!Wk!6Cii-)0      	1	2
18	Gregory	Orozco	GregoryOrozco@cruzrojasal.org.sv	+50365557709	$argon2i$v=19$m=1024,t=4,p=2$6Pk/5Mz(9Kf/#1Ew%Sb,8Yp-Eq&4Yc)0Ei#2Gc,2Ox(%y%2Nm/#4Ye(%BfVs#Yi*.4   	2	2
19	Yariel	Duran	YarielDuran@cruzrojasal.org.sv	+50375551536	$argon2i$v=19$m=1024,t=4,p=2$1Ej#7Ul!3Em&7El%St#0Bs(%Cl,2Le!6Kj%7Le+4Pp/#8Z3Mo)7Os-Pk!4WQy$$5     	3	2
20	Jose	Tobar	JoseTobar@cruzrojasal.org.sv	+50365550303	$argon2i$v=19$m=1024,t=4,p=2$2Pc!2Mg#2Pt-1Gq/Nk#8Pn+Sm!8Ye.3Aj(6Fx)7Ov(%0Ko$3.8Bu#Yh$2Cl&%$0      	3	2
21	Carlos	Zavala	CarlosZavala@cruzrojasal.org.sv	+50375556165	$argon2i$v=19$m=1024,t=4,p=2$6Ei-2Vb(%4Xm$3Gb/Vd.2Vt/Pp#5Cl&3Ew%1Zr&8,0Ys/1Uo-4Zx+Dt,5Zh/#M!1     	2	2
22	Allen	Menchaca	AllenMenchaca@salvamento.org	+50365558109	$argon2i$v=19$m=1024,t=4,p=2$7Fz(3Ev%7Dz(%7Fb#Wb*0Sy)Vm/#1Jo/#5Yq,7FcRs#8Qj&9Fz)3Oh+Aw/5Qq*Kp&.4  	2	3
23	Alfredo	Montero	AlfredoMontero@salvamento.org	+50365554586	$argon2i$v=19$m=1024,t=4,p=2$7Uz)6Fm,2Cn+2Es&Vm.8Yk(Ek/2Mh%6Nz*0F%8Zw/6Od(0Bg*9Nk(%Gl+1Vy*In..9   	2	3
24	Orlando	Quesada	OrlandoQuesada@salvamento.org	+50365559802	$argon2i$v=19$m=1024,t=4,p=2$9Pd*9Qu(1Ui/9Zf,Nk*2Zw!Kt&1Ba,4Ww!a.2Vf/2Hx(0Zs$3Jn/Xa,8Dt%Hs*%9     	2	3
25	Eric	Rivero	EricRivero@salvamento.org	+50375550408	$argon2i$v=19$m=1024,t=4,p=2$5Je.5Xq/9Cd&8Zj!Ze/4Cq(Ju(%9Xt/#7Rl(%9VgOo/4Of-4Rh,9Du.Ud)3Ry$Fp/)1  	3	3
26	Michael	Granados	MichaelGranados@salvamento.org	+50375555225	$argon2i$v=19$m=1024,t=4,p=2$2Oh+5Cf,0Nt+4Ys+Ca#7Br$Xy%3Q2Xr)5Oc!4Tp*8Jf&6Qa,5Nx)Af%1Gt(If-%2     	2	3
27	Josiah	Pedraza	JosiahPedraza@proteccioncivil.gob.sv	+50375558035	$argon2i$v=19$m=1024,t=4,p=2$1Gr+6Np-0Dr#1Qx(%Qh#8UHj!6Tn%8Hc%0Xw/5Wm-1Vh-9Tb(%0Go!Cd(4Br)%$6     	1	5
28	Rey	Barba	ReyBarba@proteccioncivil.gob.sv	+50365558549	$argon2i$v=19$m=1024,t=4,p=2$6Jp%0Jv$4Mh/5Mz*Mv,8Rg/#Qt&9GkKd(%3Ed*1Yk#6Xa-2Ag&7He+Mo#2Bi)Ng&/9   	3	5
29	Paul	Vicente	PaulVicente@proteccioncivil.gob.sv	+50365557762	$argon2i$v=19$m=1024,t=4,p=2$4Zw-8Ez/#9Gz/#5Vg-Qr)6+Sm-1Ao$5Qd%2Po!2Kt,4Mi#7Wg(%4Wx(%Bu/#4Gf!/#.0 	2	5
30	Ricardo	Calvo	RicardoCalvo@fosalud.gob.sv	+50375558399	$argon2i$v=19$m=1024,t=4,p=2$5Rm(%1Ry#1Lx/#9Sa#Uy+8Zi/J4Bd#3Di*1Al%0Iu/8Cp/#2En(5La#Jp&9Im#Gv!+1  	1	4
31	Johnny	Soliz	JohnnySoliz@fosalud.gob.sv	+50375554406	$argon2i$v=19$m=1024,t=4,p=2$8Io&1Eb+2Oc(0Gl#Su*6Mw!Tc&x%8Oo!9Hp#7Oz$1Uh-2Lw-5Hn#Zc/5Tf/Sb,)3     	2	4
\.


--
-- Data for Name: usuarios_compartir; Type: TABLE DATA; Schema: public; Owner: postgres
--

COPY public.usuarios_compartir (id_usuarios_compartir, id_usuario, id_usuario_comparte) FROM stdin;
31	4	17
32	8	22
33	14	29
34	3	18
35	13	19
36	5	17
37	14	15
38	6	25
39	5	26
40	5	25
41	12	24
42	4	25
43	2	21
44	7	17
45	13	20
46	24	1
47	17	3
48	25	10
49	28	13
50	25	14
51	29	10
52	16	13
53	30	8
54	16	12
55	21	7
56	15	3
57	17	12
58	22	10
59	28	4
60	15	9
\.


--
-- Name: accion_bitacora_id_accion_bitacora_seq; Type: SEQUENCE SET; Schema: public; Owner: postgres
--

SELECT pg_catalog.setval('public.accion_bitacora_id_accion_bitacora_seq', 6, true);


--
-- Name: bitacora_usuario_id_bitacora_seq; Type: SEQUENCE SET; Schema: public; Owner: postgres
--

SELECT pg_catalog.setval('public.bitacora_usuario_id_bitacora_seq', 30, true);


--
-- Name: condicion_medica_id_condicion_seq; Type: SEQUENCE SET; Schema: public; Owner: postgres
--

SELECT pg_catalog.setval('public.condicion_medica_id_condicion_seq', 30, true);


--
-- Name: contacto_doctor_id_contacto_d_seq; Type: SEQUENCE SET; Schema: public; Owner: postgres
--

SELECT pg_catalog.setval('public.contacto_doctor_id_contacto_d_seq', 30, true);


--
-- Name: contacto_emergencia_id_contacto_seq; Type: SEQUENCE SET; Schema: public; Owner: postgres
--

SELECT pg_catalog.setval('public.contacto_emergencia_id_contacto_seq', 30, true);


--
-- Name: enlaces_compartir_id_enlace_seq; Type: SEQUENCE SET; Schema: public; Owner: postgres
--

SELECT pg_catalog.setval('public.enlaces_compartir_id_enlace_seq', 30, true);


--
-- Name: organizacion_id_organizacion_seq; Type: SEQUENCE SET; Schema: public; Owner: postgres
--

SELECT pg_catalog.setval('public.organizacion_id_organizacion_seq', 5, true);


--
-- Name: otra_informacion_id_informacion_seq; Type: SEQUENCE SET; Schema: public; Owner: postgres
--

SELECT pg_catalog.setval('public.otra_informacion_id_informacion_seq', 15, true);


--
-- Name: procedimiento_medico_id_procedimiento_seq; Type: SEQUENCE SET; Schema: public; Owner: postgres
--

SELECT pg_catalog.setval('public.procedimiento_medico_id_procedimiento_seq', 30, true);


--
-- Name: seguro_medico_id_seguro_seq; Type: SEQUENCE SET; Schema: public; Owner: postgres
--

SELECT pg_catalog.setval('public.seguro_medico_id_seguro_seq', 30, true);


--
-- Name: tipo_usuario_p_id_tipo_usuario_p_seq; Type: SEQUENCE SET; Schema: public; Owner: postgres
--

SELECT pg_catalog.setval('public.tipo_usuario_p_id_tipo_usuario_p_seq', 3, true);


--
-- Name: usuario_alergia_id_alergia_seq; Type: SEQUENCE SET; Schema: public; Owner: postgres
--

SELECT pg_catalog.setval('public.usuario_alergia_id_alergia_seq', 30, true);


--
-- Name: usuario_id_usuario_seq; Type: SEQUENCE SET; Schema: public; Owner: postgres
--

SELECT pg_catalog.setval('public.usuario_id_usuario_seq', 30, true);


--
-- Name: usuario_medicacion_id_medicacion_seq; Type: SEQUENCE SET; Schema: public; Owner: postgres
--

SELECT pg_catalog.setval('public.usuario_medicacion_id_medicacion_seq', 30, true);


--
-- Name: usuario_privilegiado_id_usuario_p_seq; Type: SEQUENCE SET; Schema: public; Owner: postgres
--

SELECT pg_catalog.setval('public.usuario_privilegiado_id_usuario_p_seq', 31, true);


--
-- Name: usuarios_compartir_id_usuarios_compartir_seq; Type: SEQUENCE SET; Schema: public; Owner: postgres
--

SELECT pg_catalog.setval('public.usuarios_compartir_id_usuarios_compartir_seq', 60, true);


--
-- Name: accion_bitacora PK_accion_bitacora; Type: CONSTRAINT; Schema: public; Owner: postgres
--

ALTER TABLE ONLY public.accion_bitacora
    ADD CONSTRAINT "PK_accion_bitacora" PRIMARY KEY (id_accion_bitacora);


--
-- Name: usuario_alergia PK_alergia; Type: CONSTRAINT; Schema: public; Owner: postgres
--

ALTER TABLE ONLY public.usuario_alergia
    ADD CONSTRAINT "PK_alergia" PRIMARY KEY (id_alergia);


--
-- Name: bitacora_usuario PK_bitacora_usuario; Type: CONSTRAINT; Schema: public; Owner: postgres
--

ALTER TABLE ONLY public.bitacora_usuario
    ADD CONSTRAINT "PK_bitacora_usuario" PRIMARY KEY (id_bitacora);


--
-- Name: condicion_medica PK_condicion_medica; Type: CONSTRAINT; Schema: public; Owner: postgres
--

ALTER TABLE ONLY public.condicion_medica
    ADD CONSTRAINT "PK_condicion_medica" PRIMARY KEY (id_condicion);


--
-- Name: contacto_doctor PK_contacto_doctor; Type: CONSTRAINT; Schema: public; Owner: postgres
--

ALTER TABLE ONLY public.contacto_doctor
    ADD CONSTRAINT "PK_contacto_doctor" PRIMARY KEY (id_contacto_d);


--
-- Name: contacto_emergencia PK_contactos_emergencia; Type: CONSTRAINT; Schema: public; Owner: postgres
--

ALTER TABLE ONLY public.contacto_emergencia
    ADD CONSTRAINT "PK_contactos_emergencia" PRIMARY KEY (id_contacto);


--
-- Name: enlaces_compartir PK_enlaces_compartir; Type: CONSTRAINT; Schema: public; Owner: postgres
--

ALTER TABLE ONLY public.enlaces_compartir
    ADD CONSTRAINT "PK_enlaces_compartir" PRIMARY KEY (id_enlace);


--
-- Name: organizacion PK_organizacion_p; Type: CONSTRAINT; Schema: public; Owner: postgres
--

ALTER TABLE ONLY public.organizacion
    ADD CONSTRAINT "PK_organizacion_p" PRIMARY KEY (id_organizacion);


--
-- Name: otra_informacion PK_otra_informacion; Type: CONSTRAINT; Schema: public; Owner: postgres
--

ALTER TABLE ONLY public.otra_informacion
    ADD CONSTRAINT "PK_otra_informacion" PRIMARY KEY (id_informacion);


--
-- Name: procedimiento_medico PK_procedimiento_medico; Type: CONSTRAINT; Schema: public; Owner: postgres
--

ALTER TABLE ONLY public.procedimiento_medico
    ADD CONSTRAINT "PK_procedimiento_medico" PRIMARY KEY (id_procedimiento);


--
-- Name: seguro_medico PK_seguro_medico; Type: CONSTRAINT; Schema: public; Owner: postgres
--

ALTER TABLE ONLY public.seguro_medico
    ADD CONSTRAINT "PK_seguro_medico" PRIMARY KEY (id_seguro);


--
-- Name: tipo_usuario_p PK_tipo_usuario_p; Type: CONSTRAINT; Schema: public; Owner: postgres
--

ALTER TABLE ONLY public.tipo_usuario_p
    ADD CONSTRAINT "PK_tipo_usuario_p" PRIMARY KEY (id_tipo_usuario_p);


--
-- Name: usuario PK_usuario; Type: CONSTRAINT; Schema: public; Owner: postgres
--

ALTER TABLE ONLY public.usuario
    ADD CONSTRAINT "PK_usuario" PRIMARY KEY (id_usuario);


--
-- Name: usuario_medicacion PK_usuario_medicacion; Type: CONSTRAINT; Schema: public; Owner: postgres
--

ALTER TABLE ONLY public.usuario_medicacion
    ADD CONSTRAINT "PK_usuario_medicacion" PRIMARY KEY (id_medicacion);


--
-- Name: usuario_privilegiado PK_usuario_privilegiado; Type: CONSTRAINT; Schema: public; Owner: postgres
--

ALTER TABLE ONLY public.usuario_privilegiado
    ADD CONSTRAINT "PK_usuario_privilegiado" PRIMARY KEY (id_usuario_p);


--
-- Name: usuarios_compartir PK_usuarios_compartir; Type: CONSTRAINT; Schema: public; Owner: postgres
--

ALTER TABLE ONLY public.usuarios_compartir
    ADD CONSTRAINT "PK_usuarios_compartir" PRIMARY KEY (id_usuarios_compartir);


--
-- Name: accion_bitacora accion_bitacora_accion_key; Type: CONSTRAINT; Schema: public; Owner: postgres
--

ALTER TABLE ONLY public.accion_bitacora
    ADD CONSTRAINT accion_bitacora_accion_key UNIQUE (accion);


--
-- Name: condicion_medica condicion_medica_adjunto_key; Type: CONSTRAINT; Schema: public; Owner: postgres
--

ALTER TABLE ONLY public.condicion_medica
    ADD CONSTRAINT condicion_medica_adjunto_key UNIQUE (adjunto);


--
-- Name: enlaces_compartir enlaces_compartir_enlace_key; Type: CONSTRAINT; Schema: public; Owner: postgres
--

ALTER TABLE ONLY public.enlaces_compartir
    ADD CONSTRAINT enlaces_compartir_enlace_key UNIQUE (enlace);


--
-- Name: organizacion organizacion_logo_key; Type: CONSTRAINT; Schema: public; Owner: postgres
--

ALTER TABLE ONLY public.organizacion
    ADD CONSTRAINT organizacion_logo_key UNIQUE (logo);


--
-- Name: organizacion organizacion_nombre_key; Type: CONSTRAINT; Schema: public; Owner: postgres
--

ALTER TABLE ONLY public.organizacion
    ADD CONSTRAINT organizacion_nombre_key UNIQUE (nombre);


--
-- Name: organizacion organizacion_telefono_key; Type: CONSTRAINT; Schema: public; Owner: postgres
--

ALTER TABLE ONLY public.organizacion
    ADD CONSTRAINT organizacion_telefono_key UNIQUE (telefono);


--
-- Name: procedimiento_medico procedimiento_medico_adjunto_key; Type: CONSTRAINT; Schema: public; Owner: postgres
--

ALTER TABLE ONLY public.procedimiento_medico
    ADD CONSTRAINT procedimiento_medico_adjunto_key UNIQUE (adjunto);


--
-- Name: seguro_medico seguro_medico_adjunto_key; Type: CONSTRAINT; Schema: public; Owner: postgres
--

ALTER TABLE ONLY public.seguro_medico
    ADD CONSTRAINT seguro_medico_adjunto_key UNIQUE (adjunto);


--
-- Name: tipo_usuario_p tipo_usuario_p_tipo_key; Type: CONSTRAINT; Schema: public; Owner: postgres
--

ALTER TABLE ONLY public.tipo_usuario_p
    ADD CONSTRAINT tipo_usuario_p_tipo_key UNIQUE (tipo);


--
-- Name: usuario usuario_email_key; Type: CONSTRAINT; Schema: public; Owner: postgres
--

ALTER TABLE ONLY public.usuario
    ADD CONSTRAINT usuario_email_key UNIQUE (email);


--
-- Name: usuario usuario_foto_key; Type: CONSTRAINT; Schema: public; Owner: postgres
--

ALTER TABLE ONLY public.usuario
    ADD CONSTRAINT usuario_foto_key UNIQUE (foto);


--
-- Name: usuario_medicacion usuario_medicacion_adjunto_key; Type: CONSTRAINT; Schema: public; Owner: postgres
--

ALTER TABLE ONLY public.usuario_medicacion
    ADD CONSTRAINT usuario_medicacion_adjunto_key UNIQUE (adjunto);


--
-- Name: usuario_privilegiado usuario_privilegiado_email_key; Type: CONSTRAINT; Schema: public; Owner: postgres
--

ALTER TABLE ONLY public.usuario_privilegiado
    ADD CONSTRAINT usuario_privilegiado_email_key UNIQUE (email);


--
-- Name: usuario_privilegiado usuario_privilegiado_telefono_key; Type: CONSTRAINT; Schema: public; Owner: postgres
--

ALTER TABLE ONLY public.usuario_privilegiado
    ADD CONSTRAINT usuario_privilegiado_telefono_key UNIQUE (telefono);


--
-- Name: usuario usuario_telefono_key; Type: CONSTRAINT; Schema: public; Owner: postgres
--

ALTER TABLE ONLY public.usuario
    ADD CONSTRAINT usuario_telefono_key UNIQUE (telefono);


--
-- Name: usuario usuario_uid_key; Type: CONSTRAINT; Schema: public; Owner: postgres
--

ALTER TABLE ONLY public.usuario
    ADD CONSTRAINT usuario_uid_key UNIQUE (uid);


--
-- Name: fkIdx_108; Type: INDEX; Schema: public; Owner: postgres
--

CREATE INDEX "fkIdx_108" ON public.usuario_privilegiado USING btree (id_tipo_usuario_p);


--
-- Name: fkIdx_114; Type: INDEX; Schema: public; Owner: postgres
--

CREATE INDEX "fkIdx_114" ON public.usuario_privilegiado USING btree (id_organizacion);


--
-- Name: fkIdx_132; Type: INDEX; Schema: public; Owner: postgres
--

CREATE INDEX "fkIdx_132" ON public.usuarios_compartir USING btree (id_usuario);


--
-- Name: fkIdx_135; Type: INDEX; Schema: public; Owner: postgres
--

CREATE INDEX "fkIdx_135" ON public.usuarios_compartir USING btree (id_usuario_comparte);


--
-- Name: fkIdx_138; Type: INDEX; Schema: public; Owner: postgres
--

CREATE INDEX "fkIdx_138" ON public.enlaces_compartir USING btree (id_usuario);


--
-- Name: fkIdx_146; Type: INDEX; Schema: public; Owner: postgres
--

CREATE INDEX "fkIdx_146" ON public.bitacora_usuario USING btree (id_usuario);


--
-- Name: fkIdx_152; Type: INDEX; Schema: public; Owner: postgres
--

CREATE INDEX "fkIdx_152" ON public.bitacora_usuario USING btree (id_accion_bitacora);


--
-- Name: fkIdx_160; Type: INDEX; Schema: public; Owner: postgres
--

CREATE INDEX "fkIdx_160" ON public.otra_informacion USING btree (id_usuario);


--
-- Name: fkIdx_26; Type: INDEX; Schema: public; Owner: postgres
--

CREATE INDEX "fkIdx_26" ON public.contacto_emergencia USING btree (id_usuario);


--
-- Name: fkIdx_35; Type: INDEX; Schema: public; Owner: postgres
--

CREATE INDEX "fkIdx_35" ON public.contacto_doctor USING btree (id_usuario);


--
-- Name: fkIdx_43; Type: INDEX; Schema: public; Owner: postgres
--

CREATE INDEX "fkIdx_43" ON public.usuario_alergia USING btree (id_usuario);


--
-- Name: fkIdx_74; Type: INDEX; Schema: public; Owner: postgres
--

CREATE INDEX "fkIdx_74" ON public.usuario_medicacion USING btree (id_usuario);


--
-- Name: fkIdx_77; Type: INDEX; Schema: public; Owner: postgres
--

CREATE INDEX "fkIdx_77" ON public.condicion_medica USING btree (id_usuario);


--
-- Name: fkIdx_80; Type: INDEX; Schema: public; Owner: postgres
--

CREATE INDEX "fkIdx_80" ON public.seguro_medico USING btree (id_usuario);


--
-- Name: fkIdx_91; Type: INDEX; Schema: public; Owner: postgres
--

CREATE INDEX "fkIdx_91" ON public.procedimiento_medico USING btree (id_usuario);


--
-- Name: usuario_privilegiado FK_108; Type: FK CONSTRAINT; Schema: public; Owner: postgres
--

ALTER TABLE ONLY public.usuario_privilegiado
    ADD CONSTRAINT "FK_108" FOREIGN KEY (id_tipo_usuario_p) REFERENCES public.tipo_usuario_p(id_tipo_usuario_p);


--
-- Name: usuario_privilegiado FK_114; Type: FK CONSTRAINT; Schema: public; Owner: postgres
--

ALTER TABLE ONLY public.usuario_privilegiado
    ADD CONSTRAINT "FK_114" FOREIGN KEY (id_organizacion) REFERENCES public.organizacion(id_organizacion);


--
-- Name: usuarios_compartir FK_132; Type: FK CONSTRAINT; Schema: public; Owner: postgres
--

ALTER TABLE ONLY public.usuarios_compartir
    ADD CONSTRAINT "FK_132" FOREIGN KEY (id_usuario) REFERENCES public.usuario(id_usuario);


--
-- Name: usuarios_compartir FK_135; Type: FK CONSTRAINT; Schema: public; Owner: postgres
--

ALTER TABLE ONLY public.usuarios_compartir
    ADD CONSTRAINT "FK_135" FOREIGN KEY (id_usuario_comparte) REFERENCES public.usuario(id_usuario);


--
-- Name: enlaces_compartir FK_138; Type: FK CONSTRAINT; Schema: public; Owner: postgres
--

ALTER TABLE ONLY public.enlaces_compartir
    ADD CONSTRAINT "FK_138" FOREIGN KEY (id_usuario) REFERENCES public.usuario(id_usuario);


--
-- Name: bitacora_usuario FK_146; Type: FK CONSTRAINT; Schema: public; Owner: postgres
--

ALTER TABLE ONLY public.bitacora_usuario
    ADD CONSTRAINT "FK_146" FOREIGN KEY (id_usuario) REFERENCES public.usuario(id_usuario);


--
-- Name: bitacora_usuario FK_152; Type: FK CONSTRAINT; Schema: public; Owner: postgres
--

ALTER TABLE ONLY public.bitacora_usuario
    ADD CONSTRAINT "FK_152" FOREIGN KEY (id_accion_bitacora) REFERENCES public.accion_bitacora(id_accion_bitacora);


--
-- Name: otra_informacion FK_160; Type: FK CONSTRAINT; Schema: public; Owner: postgres
--

ALTER TABLE ONLY public.otra_informacion
    ADD CONSTRAINT "FK_160" FOREIGN KEY (id_usuario) REFERENCES public.usuario(id_usuario);


--
-- Name: contacto_emergencia FK_26; Type: FK CONSTRAINT; Schema: public; Owner: postgres
--

ALTER TABLE ONLY public.contacto_emergencia
    ADD CONSTRAINT "FK_26" FOREIGN KEY (id_usuario) REFERENCES public.usuario(id_usuario);


--
-- Name: contacto_doctor FK_35; Type: FK CONSTRAINT; Schema: public; Owner: postgres
--

ALTER TABLE ONLY public.contacto_doctor
    ADD CONSTRAINT "FK_35" FOREIGN KEY (id_usuario) REFERENCES public.usuario(id_usuario);


--
-- Name: usuario_alergia FK_43; Type: FK CONSTRAINT; Schema: public; Owner: postgres
--

ALTER TABLE ONLY public.usuario_alergia
    ADD CONSTRAINT "FK_43" FOREIGN KEY (id_usuario) REFERENCES public.usuario(id_usuario);


--
-- Name: usuario_medicacion FK_74; Type: FK CONSTRAINT; Schema: public; Owner: postgres
--

ALTER TABLE ONLY public.usuario_medicacion
    ADD CONSTRAINT "FK_74" FOREIGN KEY (id_usuario) REFERENCES public.usuario(id_usuario);


--
-- Name: condicion_medica FK_77; Type: FK CONSTRAINT; Schema: public; Owner: postgres
--

ALTER TABLE ONLY public.condicion_medica
    ADD CONSTRAINT "FK_77" FOREIGN KEY (id_usuario) REFERENCES public.usuario(id_usuario);


--
-- Name: seguro_medico FK_80; Type: FK CONSTRAINT; Schema: public; Owner: postgres
--

ALTER TABLE ONLY public.seguro_medico
    ADD CONSTRAINT "FK_80" FOREIGN KEY (id_usuario) REFERENCES public.usuario(id_usuario);


--
-- Name: procedimiento_medico FK_91; Type: FK CONSTRAINT; Schema: public; Owner: postgres
--

ALTER TABLE ONLY public.procedimiento_medico
    ADD CONSTRAINT "FK_91" FOREIGN KEY (id_usuario) REFERENCES public.usuario(id_usuario);


--
-- PostgreSQL database dump complete
--

